{
	"google home": {
		"sentiment": [-0.05199999896685283, -0.05199999896685283, -0.05199999896685283, -0.05199999896685283, -0.05199999896685283, -0.05199999896685283, -0.05199999896685283, -0.05133333228031796, -0.03199999886751176, -0.03199999886751176, -0.03199999886751176, -0.03199999886751176, -0.03199999886751176, -0.02266666555404664, -0.02266666555404664],
		"count": [15, 15, 15, 15, 15, 15, 15, 15, 15, 15, 15, 15, 15, 15, 15]
	},
	"alexa": {
		"sentiment": [0.09400000300010049, 0.09400000300010049, 0.10733333673079812, 0.10733333673079812, 0.10733333673079812, 0.11933333768447246, 0.11933333768447246, 0.12066667105754221, 0.13800000480810806, 0.1353333380619685, 0.13333333800236388, 0.13333333800236388, 0.12266667101780578, 0.12266667101780578, 0.12266667101780578],
		"count": [15, 15, 15, 15, 15, 15, 15, 15, 15, 15, 15, 15, 15, 15, 15]
	},
	"autonomous vehicles": {
		"sentiment": [0.04800000078479445, 0.04800000078479445, 0.04800000078479445, 0.03400000046690302, 0.03400000046690302, 0.03400000046690302, 0.03400000046690302, 0.03400000046690302, 0.03400000046690302, 0.03400000046690302, 0.03400000046690302, 0.03400000046690302, 0.033333333780368145, 0.033333333780368145, 0.033333333780368145],
		"count": [15, 15, 15, 15, 15, 15, 15, 15, 15, 15, 15, 15, 15, 15, 15]
	},
	"computer vision": {
		"sentiment": [0.12333333084980644, 0.12333333084980644, 0.12333333084980644, 0.12333333084980644, 0.12333333084980644, 0.12333333084980644, 0.12333333084980644, 0.12333333084980644, 0.12333333084980644, 0.12333333084980644, 0.12333333084980644, 0.12333333084980644, 0.12333333084980644, 0.12333333084980644, 0.12333333084980644],
		"count": [15, 15, 15, 15, 15, 15, 15, 15, 15, 15, 15, 15, 15, 15, 15]
	},
	"siri": {
		"sentiment": [0.050000002433856355, 0.050000002433856355, 0.050000002433856355, 0.04133333555857343, 0.04133333555857343, 0.034666668693224614, 0.034666668693224614, 0.034666668693224614, 0.05066666897137962, 0.05066666897137962, 0.05066666897137962, 0.05066666897137962, 0.05066666897137962, 0.05066666897137962, 0.05066666897137962],
		"count": [15, 15, 15, 15, 15, 15, 15, 15, 15, 15, 15, 15, 15, 15, 15]
	},
	"deep learning": {
		"sentiment": [0.3640000051856043, 0.35666667153437953, 0.35666667153437953, 0.35666667153437953, 0.35666667153437953, 0.36266667201121666, 0.3560000052452089, 0.3560000052452089, 0.3560000052452089, 0.3453333368698758, 0.3293333336114884, 0.33533333408832555, 0.33533333408832555, 0.33533333408832555, 0.33533333408832555],
		"count": [15, 15, 15, 15, 15, 15, 15, 15, 15, 15, 15, 15, 15, 15, 15]
	},
	"cryptocurrency": {
		"sentiment": [0.1428571461034673, 0.20428571718079708, 0.12153846447284405, 0.07400000141064327, 0.060666667679945635, 0.05571428593780313, 0.06461538516558132, 0.1146666688422362, 0.10200000358621282, 0.12733333802223212, 0.0966666706403097, 0.11466666844487196, 0.16533333488305413, 0.08200000159939132, 0.042000002294778876],
		"count": [14, 14, 13, 15, 15, 14, 13, 15, 15, 15, 15, 15, 15, 15, 15]
	},
	"blockchain": {
		"sentiment": [0.1840000008145968, 0.09999999882919454, 0.024666667898496013, 0.11199999941388773, 0.10214285545051104, 0.13833333497246095, 0.12285714423017832, 0.03600000246365861, 0.031818185949867385, 0.2455555633703868, 0.31400000965595243, 0.23857143280761578, 0.16714285925030703, 0.13000000158945724, 0.09733333633343383],
		"count": [15, 14, 15, 15, 14, 12, 14, 15, 11, 9, 10, 14, 14, 15, 15]
	}
}